{"__symbolic":"module","version":4,"metadata":{"LoginService":{"__symbolic":"class","decorators":[{"__symbolic":"call","expression":{"__symbolic":"reference","module":"@angular/core","name":"Injectable","line":2,"character":1},"arguments":[{"providedIn":"root"}]}],"members":{"__ctor__":[{"__symbolic":"constructor"}]},"statics":{"ngInjectableDef":{}}},"LoginComponent":{"__symbolic":"class","decorators":[{"__symbolic":"call","expression":{"__symbolic":"reference","module":"@angular/core","name":"Component","line":7,"character":1},"arguments":[{"selector":"lib-login","template":"<div class=\"main-div\">\r\n\r\n    <mat-card class=\"from\">\r\n            <span class=\"logowrapper\" *ngIf=\"logoValue != ''\" >\r\n                    <img  [src]=\"logoValue\">\r\n                </span>\r\n\r\n        <h2 *ngIf=\"fromTitleValue != ''\"> {{fromTitleValue}}</h2>\r\n\r\n        <form class=\"example-container\" [formGroup]=\"loginForm\" (ngSubmit)=\"loginFormSubmit()\" novalidate>\r\n<mat-error class=\"error\" *ngIf=\"message !=''\">{{message}}</mat-error>\r\n\r\n            <mat-form-field>\r\n                <input matInput type=\"text\" placeholder=\"Username\" formControlName=\"email\" (blur)=\"inputUntouched('email')\">\r\n                <mat-error\r\n                    *ngIf=\"!loginForm.controls['email'].valid && loginForm.controls['email'].errors.required && loginForm.controls['email'].touched\">\r\n                    email field can not be blank</mat-error>\r\n            </mat-form-field>\r\n\r\n\r\n            <mat-form-field>\r\n                <input matInput placeholder=\"Password\" type=\"password\" formControlName=\"password\" (blur)=\"inputUntouched('password')\">\r\n                <mat-error\r\n                    *ngIf=\"!loginForm.controls['password'].valid && loginForm.controls['password'].errors.required && loginForm.controls['password'].touched\">\r\n                    Password field can not be blank</mat-error>\r\n            </mat-form-field>\r\n\r\n\r\n            <button mat-raised-button color=\"primary\">Login</button>\r\n            <span class=\"signupfooter\">\r\n                <a (click)=\"forgetpassword()\">Forgot password</a>\r\n                <a (click)=\"signup()\">Sign Up</a>\r\n            </span>\r\n        </form>\r\n\r\n    </mat-card>\r\n\r\n</div>","styles":[".example-container{display:flex;flex-direction:column}.example-container>*{width:100%}.from{width:30%;margin:0 auto}.from h2{text-align:center;background-color:#00f;color:#fff;padding:15px}.from a{padding-right:30px}.main-div{height:100vh;display:flex;justify-content:center;align-items:center}.signupfooter{margin-top:12px;display:flex;justify-content:space-between;align-items:center}.signupfooter a{cursor:pointer}.error{text-align:center}.logowrapper{margin:0 auto;display:block;text-align:center}"]}]}],"members":{"formDirective":[{"__symbolic":"property","decorators":[{"__symbolic":"call","expression":{"__symbolic":"reference","module":"@angular/core","name":"ViewChild","line":15,"character":3},"arguments":[{"__symbolic":"reference","module":"@angular/forms","name":"FormGroupDirective","line":15,"character":13}]}]}],"fromTitle":[{"__symbolic":"property","decorators":[{"__symbolic":"call","expression":{"__symbolic":"reference","module":"@angular/core","name":"Input","line":25,"character":3}}]}],"logo":[{"__symbolic":"property","decorators":[{"__symbolic":"call","expression":{"__symbolic":"reference","module":"@angular/core","name":"Input","line":31,"character":3}}]}],"fullUrl":[{"__symbolic":"property","decorators":[{"__symbolic":"call","expression":{"__symbolic":"reference","module":"@angular/core","name":"Input","line":37,"character":3}}]}],"endpoint":[{"__symbolic":"property","decorators":[{"__symbolic":"call","expression":{"__symbolic":"reference","module":"@angular/core","name":"Input","line":43,"character":3}}]}],"signUpRouteingUrl":[{"__symbolic":"property","decorators":[{"__symbolic":"call","expression":{"__symbolic":"reference","module":"@angular/core","name":"Input","line":51,"character":3}}]}],"forgetRouteingUrl":[{"__symbolic":"property","decorators":[{"__symbolic":"call","expression":{"__symbolic":"reference","module":"@angular/core","name":"Input","line":58,"character":3}}]}],"routerStatus":[{"__symbolic":"property","decorators":[{"__symbolic":"call","expression":{"__symbolic":"reference","module":"@angular/core","name":"Input","line":64,"character":3}}]}],"__ctor__":[{"__symbolic":"constructor","parameters":[{"__symbolic":"reference","module":"@angular/forms","name":"FormBuilder","line":78,"character":25},{"__symbolic":"reference","module":"@angular/common/http","name":"HttpClient","line":78,"character":51},{"__symbolic":"reference","module":"@angular/router","name":"Router","line":78,"character":78},{"__symbolic":"reference","name":"ɵa"},{"__symbolic":"reference","module":"ngx-cookie-service","name":"CookieService","line":78,"character":139}]}],"ngOnInit":[{"__symbolic":"method"}],"loginFormSubmit":[{"__symbolic":"method"}],"inputUntouched":[{"__symbolic":"method"}],"forgetpassword":[{"__symbolic":"method"}],"signup":[{"__symbolic":"method"}]}},"LoginModule":{"__symbolic":"class","decorators":[{"__symbolic":"call","expression":{"__symbolic":"reference","module":"@angular/core","name":"NgModule","line":12,"character":1},"arguments":[{"declarations":[{"__symbolic":"reference","name":"LoginComponent"},{"__symbolic":"reference","name":"ɵb"},{"__symbolic":"reference","name":"ɵd"},{"__symbolic":"reference","name":"ɵe"},{"__symbolic":"reference","name":"ɵc"}],"imports":[{"__symbolic":"reference","name":"ɵf"},{"__symbolic":"reference","module":"@angular/forms","name":"FormsModule","line":16,"character":4},{"__symbolic":"reference","module":"@angular/forms","name":"ReactiveFormsModule","line":17,"character":5},{"__symbolic":"reference","module":"@angular/platform-browser/animations","name":"BrowserAnimationsModule","line":18,"character":5},{"__symbolic":"reference","module":"@angular/common","name":"CommonModule","line":19,"character":5},{"__symbolic":"reference","module":"@angular/common/http","name":"HttpClientModule","line":20,"character":5}],"exports":[{"__symbolic":"reference","name":"LoginComponent"},{"__symbolic":"reference","name":"ɵb"},{"__symbolic":"reference","name":"ɵd"},{"__symbolic":"reference","name":"ɵe"}],"providers":[{"__symbolic":"reference","name":"ɵa"}],"bootstrap":[],"schemas":[{"__symbolic":"reference","module":"@angular/core","name":"CUSTOM_ELEMENTS_SCHEMA","line":25,"character":12}],"entryComponents":[{"__symbolic":"reference","name":"ɵc"}]}]}],"members":{}},"ɵa":{"__symbolic":"class","decorators":[{"__symbolic":"call","expression":{"__symbolic":"reference","module":"@angular/core","name":"Injectable","line":8,"character":1},"arguments":[{"providedIn":"root"}]}],"members":{"__ctor__":[{"__symbolic":"constructor","parameters":[{"__symbolic":"reference","module":"@angular/common/http","name":"HttpClient","line":46,"character":29},{"__symbolic":"reference","module":"@angular/common/http","name":"HttpClient","line":46,"character":29},{"__symbolic":"reference","module":"ngx-cookie-service","name":"CookieService","line":47,"character":57}]}],"setServerUrl":[{"__symbolic":"method"}],"clearServerUrl":[{"__symbolic":"method"}],"getServerUrl":[{"__symbolic":"method"}],"setaddEndpoint":[{"__symbolic":"method"}],"clearaddEndpoint":[{"__symbolic":"method"}],"getaddEndpoint":[{"__symbolic":"method"}],"setuploadEndpont":[{"__symbolic":"method"}],"clearuploadEndpoint":[{"__symbolic":"method"}],"getuploadEndpoint":[{"__symbolic":"method"}],"setupdateEndpoint":[{"__symbolic":"method"}],"clearupdateEndpoint":[{"__symbolic":"method"}],"getupdateEndpoint":[{"__symbolic":"method"}],"setdeletesingleEndpoint":[{"__symbolic":"method"}],"cleardeletesingleEndpoint":[{"__symbolic":"method"}],"getdeletesingleEndpoint":[{"__symbolic":"method"}],"setupdatestatus_singleEndpoint":[{"__symbolic":"method"}],"clearupdatestatus_singleEndpoint":[{"__symbolic":"method"}],"getupdatestatus_singleEndpoint":[{"__symbolic":"method"}],"setgetdataEndpoint":[{"__symbolic":"method"}],"cleargetdataEndpoint":[{"__symbolic":"method"}],"getdataEndpoint":[{"__symbolic":"method"}],"isTokenExpired":[{"__symbolic":"method"}],"addData":[{"__symbolic":"method"}],"uploadFile":[{"__symbolic":"method"}],"UpdateData":[{"__symbolic":"method"}],"getData":[{"__symbolic":"method"}],"addLogin":[{"__symbolic":"method"}],"forgetPassword":[{"__symbolic":"method"}],"deleteSingleData":[{"__symbolic":"method"}],"deleteMultipleData":[{"__symbolic":"method"}],"UpdateStatusForSingleData":[{"__symbolic":"method"}],"UpdateStatusForMultipleData":[{"__symbolic":"method"}],"CustomRequest":[{"__symbolic":"method"}]},"statics":{"ngInjectableDef":{}}},"ɵb":{"__symbolic":"class","decorators":[{"__symbolic":"call","expression":{"__symbolic":"reference","module":"@angular/core","name":"Component","line":12,"character":1},"arguments":[{"selector":"lib-sign-up","template":"<div class=\"as_formdiv\">\r\n<div class=\"main-div\">\r\n\r\n  <mat-card class=\"from\">\r\n      <span class=\"logowrapper\" *ngIf=\"logoValue != ''\" >\r\n          <img  [src]=\"logoValue\">\r\n      </span>\r\n\r\n    <h2 *ngIf=\"formTitleValue != ''\"> {{formTitleValue}}</h2>\r\n\r\n\r\n    <form class=\"example-container\" [formGroup]=\"signUpForm\"  (ngSubmit)=\"signUpFormSubmit()\" novalidate>\r\n\r\n\r\n      <mat-error class=\"error\" *ngIf=\"message != ''\">{{message}}</mat-error>\r\n      <mat-form-field>\r\n        <input matInput type=\"text\" placeholder=\"First Name\" formControlName=\"firstname\" (blur)=\"inputUntouched('firstname')\">\r\n        <mat-error\r\n          *ngIf=\"!signUpForm.controls['firstname'].valid && signUpForm.controls['firstname'].errors.required && signUpForm.controls['firstname'].touched\">\r\n          First Name field can not be blank</mat-error>\r\n      </mat-form-field>\r\n\r\n\r\n      <mat-form-field>\r\n        <input matInput type=\"text\" placeholder=\"Last Name\" formControlName=\"lastname\" (blur)=\"inputUntouched('lastname')\">\r\n        <mat-error\r\n          *ngIf=\"!signUpForm.controls['lastname'].valid && signUpForm.controls['lastname'].errors.required && signUpForm.controls['lastname'].touched\">\r\n          Last Name field can not be blank</mat-error>\r\n      </mat-form-field>\r\n\r\n      <mat-form-field>\r\n        <input matInput type=\"text\" placeholder=\"Email\" formControlName=\"email\" (blur)=\"inputUntouched('email')\">\r\n        <mat-error\r\n          *ngIf=\"!signUpForm.controls['email'].valid && signUpForm.controls['email'].errors.required && signUpForm.controls['email'].touched\">\r\n          Email field can not be blank</mat-error>\r\n        <mat-error *ngIf=\"!signUpForm.controls['email'].valid && !signUpForm.controls['email'].errors.required\">Email is\r\n          not valid</mat-error>\r\n      </mat-form-field>\r\n\r\n\r\n      <!-- added by sourav -->\r\n      <mat-form-field>\r\n        <input matInput type=\"text\" placeholder=\"Phone Number\" formControlName=\"phone\" (blur)=\"inputUntouched('phone')\">\r\n        <mat-error\r\n          *ngIf=\"!signUpForm.controls['phone'].valid && signUpForm.controls['phone'].errors.required && signUpForm.controls['phone'].touched\">\r\n          Phone Number field can not be blank</mat-error>\r\n      </mat-form-field>\r\n\r\n\r\n   <!-- added by sourav -->\r\n\r\n      <mat-form-field>\r\n        <input matInput placeholder=\"Password\" type=\"password\" formControlName=\"password\" (blur)=\"inputUntouched('password')\">\r\n        <mat-error\r\n          *ngIf=\"!signUpForm.controls['password'].valid && signUpForm.controls['password'].errors.required && signUpForm.controls['password'].touched\">\r\n          Password field can not be blank</mat-error>\r\n      </mat-form-field>\r\n      <!-- added by sourav -->\r\n      <mat-form-field>\r\n        <input matInput placeholder=\"Confirm Password\" type=\"password\" formControlName=\"confirmpassword\" (blur)=\"inputUntouched('confirmpassword')\">\r\n        <mat-error\r\n          *ngIf=\"!signUpForm.controls['confirmpassword'].valid && signUpForm.controls['confirmpassword'].errors.required && signUpForm.controls['confirmpassword'].touched\">\r\n          Confirm Password field can not be blank</mat-error>\r\n          <mat-error *ngIf=\"signUpForm.hasError('mismatchedPasswords')\">Passwords must match</mat-error>\r\n      </mat-form-field>\r\n\r\n      <mat-form-field>\r\n        <input matInput placeholder=\"Zip Code\" type=\"text\" formControlName=\"zip\" (blur)=\"inputUntouched('zip')\">\r\n        <mat-error\r\n          *ngIf=\"!signUpForm.controls['zip'].valid && signUpForm.controls['zip'].errors.required && signUpForm.controls['zip'].touched\">\r\n          Zip field can not be blank</mat-error>\r\n      </mat-form-field>\r\n\r\n      <mat-form-field>\r\n        <input matInput placeholder=\"City\" type=\"text\" formControlName=\"city\" (blur)=\"inputUntouched('city')\">\r\n        <mat-error\r\n          *ngIf=\"!signUpForm.controls['city'].valid && signUpForm.controls['city'].errors.required && signUpForm.controls['city'].touched\">\r\n          City field can not be blank</mat-error>\r\n      </mat-form-field>\r\n\r\n \r\n      <mat-form-field>\r\n      <mat-label>State</mat-label>\r\n      <mat-select formControlName=\"state\">\r\n        <mat-option *ngFor=\"let state of state_usss\" [value]=\"state.abbreviation\">\r\n          {{state.name}}\r\n        </mat-option>\r\n      </mat-select>\r\n    </mat-form-field>\r\n\r\n      <mat-form-field>\r\n        <input matInput placeholder=\"Company name\" type=\"text\" formControlName=\"companyname\">\r\n      \r\n      </mat-form-field>\r\n\r\n      <mat-form-field>\r\n        <input matInput placeholder=\"Designation in company\" type=\"text\" formControlName=\"designation\">\r\n      </mat-form-field>\r\n\r\n      <mat-form-field>\r\n        <input matInput placeholder=\"Company website\" type=\"text\" formControlName=\"companywebsite\">\r\n      </mat-form-field>\r\n\r\n\r\n      <!-- added by sourav -->\r\n\r\n      <button mat-raised-button color=\"primary\">Sign Up</button>\r\n      <span class=\"signupfooter\">\r\n        <a (click)=\"forgetpassword()\">Forget Password</a>\r\n        <a (click)=\"login()\">Login</a>\r\n      </span>\r\n    </form>\r\n  </mat-card>\r\n</div></div>","styles":[".example-container{display:flex;flex-direction:column}.example-container>*{width:100%}.from{width:30%;margin:0 auto}.from h2{text-align:center;background-color:#00f;color:#fff;padding:15px}.from a{padding-right:30px}.main-div{min-height:100vh;display:flex;justify-content:center;align-items:center}.signupfooter{margin-top:12px;display:flex;justify-content:space-between;align-items:center}.signupfooter a{cursor:pointer}.error{text-align:center}.logowrapper{margin:0 auto;display:block;text-align:center}"]}]}],"members":{"formDirective":[{"__symbolic":"property","decorators":[{"__symbolic":"call","expression":{"__symbolic":"reference","module":"@angular/core","name":"ViewChild","line":260,"character":3},"arguments":[{"__symbolic":"reference","module":"@angular/forms","name":"FormGroupDirective","line":260,"character":13}]}]}],"formTitle":[{"__symbolic":"property","decorators":[{"__symbolic":"call","expression":{"__symbolic":"reference","module":"@angular/core","name":"Input","line":269,"character":3}}]}],"serverUrl":[{"__symbolic":"property","decorators":[{"__symbolic":"call","expression":{"__symbolic":"reference","module":"@angular/core","name":"Input","line":277,"character":3}}]}],"logo":[{"__symbolic":"property","decorators":[{"__symbolic":"call","expression":{"__symbolic":"reference","module":"@angular/core","name":"Input","line":284,"character":1}}]}],"addEndpoint":[{"__symbolic":"property","decorators":[{"__symbolic":"call","expression":{"__symbolic":"reference","module":"@angular/core","name":"Input","line":291,"character":3}}]}],"forgetRouteingUrl":[{"__symbolic":"property","decorators":[{"__symbolic":"call","expression":{"__symbolic":"reference","module":"@angular/core","name":"Input","line":298,"character":3}}]}],"loginRouteingUrl":[{"__symbolic":"property","decorators":[{"__symbolic":"call","expression":{"__symbolic":"reference","module":"@angular/core","name":"Input","line":305,"character":3}}]}],"__ctor__":[{"__symbolic":"constructor","parameters":[{"__symbolic":"reference","module":"@angular/forms","name":"FormBuilder","line":316,"character":25},{"__symbolic":"reference","module":"@angular/common/http","name":"HttpClient","line":316,"character":51},{"__symbolic":"reference","module":"@angular/router","name":"Router","line":316,"character":78},{"__symbolic":"reference","module":"@angular/material","name":"MatDialog","line":316,"character":101},{"__symbolic":"reference","name":"ɵa"}]}],"ngOnInit":[{"__symbolic":"method"}],"signUpFormSubmit":[{"__symbolic":"method"}],"openDialog":[{"__symbolic":"method"}],"forgetpassword":[{"__symbolic":"method"}],"login":[{"__symbolic":"method"}],"inputUntouched":[{"__symbolic":"method"}]}},"ɵc":{"__symbolic":"class","decorators":[{"__symbolic":"call","expression":{"__symbolic":"reference","module":"@angular/core","name":"Component","line":432,"character":1},"arguments":[{"selector":"commonModal","template":"<h1 mat-dialog-title>Thanks!</h1>\r\n<div mat-dialog-actions>\r\n  <p>Your account has been successfully created</p>\r\n  <!-- <button mat-button (click)=\"onNoClick()\">No Thanks</button>\r\n  <button mat-button  cdkFocusInitial>Ok</button> -->\r\n</div>"}]}],"members":{"__ctor__":[{"__symbolic":"constructor","parameterDecorators":[null,[{"__symbolic":"call","expression":{"__symbolic":"reference","module":"@angular/core","name":"Inject","line":441,"character":3},"arguments":[{"__symbolic":"reference","module":"@angular/material","name":"MAT_DIALOG_DATA","line":441,"character":10}]}]],"parameters":[{"__symbolic":"reference","name":"MatDialogRef","module":"@angular/material","arguments":[{"__symbolic":"reference","name":"ɵc"}]},{"__symbolic":"reference","name":"any"}]}],"onNoClick":[{"__symbolic":"method"}]}},"ɵd":{"__symbolic":"class","decorators":[{"__symbolic":"call","expression":{"__symbolic":"reference","module":"@angular/core","name":"Component","line":6,"character":1},"arguments":[{"selector":"lib-forget-password","template":"<div class=\"main-div\">\r\n\r\n  <mat-card class=\"from\">\r\n      <span class=\"logowrapper\" *ngIf=\"logoValue != ''\" >\r\n          <img  [src]=\"logoValue\">\r\n      </span>\r\n\r\n    <h2 *ngIf=\"formTitleValue != ''\"> {{formTitleValue}}</h2>\r\n\r\n\r\n    <form class=\"example-container\" [formGroup]=\"forgetPasswordForm\" (ngSubmit)=\"forgetPasswordSubmit()\" novalidate>\r\n<mat-error class=\"error\" *ngIf=\"message !=''\">{{message}}</mat-error>\r\n\r\n      <mat-form-field>\r\n        <input matInput type=\"text\" placeholder=\"Email\"  formControlName=\"email\" (blur)=\"inputUntouched('email')\">\r\n        <mat-error\r\n          *ngIf=\"!forgetPasswordForm.controls['email'].valid && forgetPasswordForm.controls['email'].errors.required && forgetPasswordForm.controls['email'].touched\">\r\n          Email field can not be blank</mat-error>\r\n        <mat-error\r\n          *ngIf=\"!forgetPasswordForm.controls['email'].valid && !forgetPasswordForm.controls['email'].errors.required\">\r\n          Email is not valid</mat-error>\r\n      </mat-form-field>\r\n\r\n      <button mat-raised-button color=\"primary\">Forget Password</button>\r\n      <span class=\"signupfooter\">\r\n        <a (click)=\"signup()\">Sign Up</a>\r\n      </span>\r\n    </form>\r\n  </mat-card>\r\n</div>","styles":[".example-container{display:flex;flex-direction:column}.example-container>*{width:100%}.from{width:30%;margin:0 auto}.from h2{text-align:center;background-color:#00f;color:#fff;padding:15px}.from a{padding-right:30px}.main-div{height:100vh;display:flex;justify-content:center;align-items:center}.signupfooter{margin-top:12px;display:flex;justify-content:space-between;align-items:center}.signupfooter a{cursor:pointer}.error{text-align:center}.logowrapper{margin:0 auto;display:block;text-align:center}"]}]}],"members":{"formDirective":[{"__symbolic":"property","decorators":[{"__symbolic":"call","expression":{"__symbolic":"reference","module":"@angular/core","name":"ViewChild","line":15,"character":3},"arguments":[{"__symbolic":"reference","module":"@angular/forms","name":"FormGroupDirective","line":15,"character":13}]}]}],"domanUrl":[{"__symbolic":"property","decorators":[{"__symbolic":"call","expression":{"__symbolic":"reference","module":"@angular/core","name":"Input","line":26,"character":3}}]}],"formTitle":[{"__symbolic":"property","decorators":[{"__symbolic":"call","expression":{"__symbolic":"reference","module":"@angular/core","name":"Input","line":32,"character":3}}]}],"serverUrl":[{"__symbolic":"property","decorators":[{"__symbolic":"call","expression":{"__symbolic":"reference","module":"@angular/core","name":"Input","line":39,"character":3}}]}],"logo":[{"__symbolic":"property","decorators":[{"__symbolic":"call","expression":{"__symbolic":"reference","module":"@angular/core","name":"Input","line":46,"character":3}}]}],"addEndpoint":[{"__symbolic":"property","decorators":[{"__symbolic":"call","expression":{"__symbolic":"reference","module":"@angular/core","name":"Input","line":52,"character":3}}]}],"signUpRouteingUrl":[{"__symbolic":"property","decorators":[{"__symbolic":"call","expression":{"__symbolic":"reference","module":"@angular/core","name":"Input","line":59,"character":3}}]}],"__ctor__":[{"__symbolic":"constructor","parameters":[{"__symbolic":"reference","module":"@angular/forms","name":"FormBuilder","line":65,"character":25},{"__symbolic":"reference","module":"@angular/common/http","name":"HttpClient","line":65,"character":52},{"__symbolic":"reference","module":"@angular/router","name":"Router","line":65,"character":79},{"__symbolic":"reference","name":"ɵa"}]}],"ngOnInit":[{"__symbolic":"method"}],"forgetPasswordSubmit":[{"__symbolic":"method"}],"signup":[{"__symbolic":"method"}],"inputUntouched":[{"__symbolic":"method"}]}},"ɵe":{"__symbolic":"class","decorators":[{"__symbolic":"call","expression":{"__symbolic":"reference","module":"@angular/core","name":"Component","line":6,"character":1},"arguments":[{"selector":"lib-reset-password","template":"<div class=\"main-div\">\r\n\r\n  <mat-card class=\"from\">\r\n      <span class=\"logowrapper\" *ngIf=\"logoValue != ''\" >\r\n          <img  [src]=\"logoValue\">\r\n      </span>\r\n\r\n    <h2 *ngIf=\"fromTitleNameValue != ''\"> {{fromTitleNameValue}}</h2>\r\n\r\n\r\n    <form class=\"example-container\" [formGroup]=\"resetPasswordForm\" (ngSubmit)=\"resetPasswordSubmit()\" novalidate>\r\n<mat-error class=\"error\" *ngIf=\"message !=''\">{{message}}</mat-error>\r\n\r\n      <mat-form-field>\r\n        <input matInput placeholder=\"Password\" type=\"password\" formControlName=\"password\" (blur)=\"inputUntouched('password')\">\r\n        <mat-error\r\n          *ngIf=\"!resetPasswordForm.controls['password'].valid && resetPasswordForm.controls['password'].errors.required && resetPasswordForm.controls['password'].touched\">\r\n          Password field can not be blank</mat-error>\r\n          <!-- <mat-error  *ngIf=\"!resetPasswordForm.controls['password'].errors.required  && resetPasswordForm.controls['password'].touched\">Minimum length for password is 4!</mat-error> -->\r\n      </mat-form-field>\r\n\r\n      <mat-form-field>\r\n        <input matInput placeholder=\"Confirm Password\" type=\"password\"  formControlName=\"confirmPassword\" (blur)=\"inputUntouched('confirmPassword')\">\r\n        <mat-error\r\n          *ngIf=\"!resetPasswordForm.controls['confirmPassword'].valid && resetPasswordForm.controls['confirmPassword'].errors.required && resetPasswordForm.controls['confirmPassword'].touched\">\r\n          Confirm Password field can not be blank</mat-error>\r\n        <!-- <mat-error *ngIf=\"f.confirmPassword.errors.mustMatch\">Confirm Password is not valid</mat-error> -->\r\n        <mat-error *ngIf=\"!resetPasswordForm.controls['confirmPassword'].valid && resetPasswordForm.controls['confirmPassword'].touched\">Password does not match </mat-error>\r\n      </mat-form-field>\r\n\r\n      <button mat-raised-button color=\"primary\">Reset Password</button>\r\n\r\n    </form>\r\n  </mat-card>\r\n</div>\r\n\r\n<!-- <button (click)=\"openSnackBar('succes', 'ok')\"> ok</button> -->","styles":[".example-container{display:flex;flex-direction:column}.example-container>*{width:100%}.from{width:30%;margin:0 auto}.from h2{text-align:center;background-color:#00f;color:#fff;padding:15px}.from a{padding-right:30px}.main-div{height:100vh;display:flex;justify-content:center;align-items:center}.signupfooter{margin-top:12px;display:flex;justify-content:space-between;align-items:center}.signupfooter a{cursor:pointer}.error{text-align:center}.logowrapper{margin:0 auto;display:block;text-align:center}"]}]}],"members":{"formDirective":[{"__symbolic":"property","decorators":[{"__symbolic":"call","expression":{"__symbolic":"reference","module":"@angular/core","name":"ViewChild","line":16,"character":3},"arguments":[{"__symbolic":"reference","module":"@angular/forms","name":"FormGroupDirective","line":16,"character":13}]}]}],"fromTitleName":[{"__symbolic":"property","decorators":[{"__symbolic":"call","expression":{"__symbolic":"reference","module":"@angular/core","name":"Input","line":27,"character":3}}]}],"serverUrl":[{"__symbolic":"property","decorators":[{"__symbolic":"call","expression":{"__symbolic":"reference","module":"@angular/core","name":"Input","line":36,"character":3}}]}],"addEndpoint":[{"__symbolic":"property","decorators":[{"__symbolic":"call","expression":{"__symbolic":"reference","module":"@angular/core","name":"Input","line":44,"character":3}}]}],"logo":[{"__symbolic":"property","decorators":[{"__symbolic":"call","expression":{"__symbolic":"reference","module":"@angular/core","name":"Input","line":50,"character":3}}]}],"__ctor__":[{"__symbolic":"constructor","parameters":[{"__symbolic":"reference","module":"@angular/forms","name":"FormBuilder","line":65,"character":25},{"__symbolic":"reference","module":"@angular/common/http","name":"HttpClient","line":65,"character":51},{"__symbolic":"reference","module":"@angular/router","name":"Router","line":65,"character":78},{"__symbolic":"reference","module":"@angular/router","name":"ActivatedRoute","line":65,"character":100},{"__symbolic":"reference","name":"ɵa"},{"__symbolic":"reference","module":"ngx-cookie-service","name":"CookieService","line":65,"character":168}]}],"ngOnInit":[{"__symbolic":"method"}],"machpassword":[{"__symbolic":"method"}],"resetPasswordSubmit":[{"__symbolic":"method"}],"inputUntouched":[{"__symbolic":"method"}]}},"ɵf":{"__symbolic":"class","decorators":[{"__symbolic":"call","expression":{"__symbolic":"reference","module":"@angular/core","name":"NgModule","line":43,"character":1},"arguments":[{"exports":[{"__symbolic":"reference","module":"@angular/cdk/a11y","name":"A11yModule","line":45,"character":4},{"__symbolic":"reference","module":"@angular/cdk/stepper","name":"CdkStepperModule","line":46,"character":4},{"__symbolic":"reference","module":"@angular/cdk/table","name":"CdkTableModule","line":47,"character":4},{"__symbolic":"reference","module":"@angular/cdk/tree","name":"CdkTreeModule","line":48,"character":4},{"__symbolic":"reference","module":"@angular/cdk/drag-drop","name":"DragDropModule","line":49,"character":4},{"__symbolic":"reference","module":"@angular/material/autocomplete","name":"MatAutocompleteModule","line":50,"character":4},{"__symbolic":"reference","module":"@angular/material/badge","name":"MatBadgeModule","line":51,"character":4},{"__symbolic":"reference","module":"@angular/material/bottom-sheet","name":"MatBottomSheetModule","line":52,"character":4},{"__symbolic":"reference","module":"@angular/material/button","name":"MatButtonModule","line":53,"character":4},{"__symbolic":"reference","module":"@angular/material/button-toggle","name":"MatButtonToggleModule","line":54,"character":4},{"__symbolic":"reference","module":"@angular/material/card","name":"MatCardModule","line":55,"character":4},{"__symbolic":"reference","module":"@angular/material/checkbox","name":"MatCheckboxModule","line":56,"character":4},{"__symbolic":"reference","module":"@angular/material/chips","name":"MatChipsModule","line":57,"character":4},{"__symbolic":"reference","module":"@angular/material/stepper","name":"MatStepperModule","line":58,"character":4},{"__symbolic":"reference","module":"@angular/material/datepicker","name":"MatDatepickerModule","line":59,"character":4},{"__symbolic":"reference","module":"@angular/material/dialog","name":"MatDialogModule","line":60,"character":4},{"__symbolic":"reference","module":"@angular/material/divider","name":"MatDividerModule","line":61,"character":4},{"__symbolic":"reference","module":"@angular/material/expansion","name":"MatExpansionModule","line":62,"character":4},{"__symbolic":"reference","module":"@angular/material/grid-list","name":"MatGridListModule","line":63,"character":4},{"__symbolic":"reference","module":"@angular/material/icon","name":"MatIconModule","line":64,"character":4},{"__symbolic":"reference","module":"@angular/material/input","name":"MatInputModule","line":65,"character":4},{"__symbolic":"reference","module":"@angular/material/list","name":"MatListModule","line":66,"character":4},{"__symbolic":"reference","module":"@angular/material/menu","name":"MatMenuModule","line":67,"character":4},{"__symbolic":"reference","module":"@angular/material/core","name":"MatNativeDateModule","line":68,"character":4},{"__symbolic":"reference","module":"@angular/material/paginator","name":"MatPaginatorModule","line":69,"character":4},{"__symbolic":"reference","module":"@angular/material/progress-bar","name":"MatProgressBarModule","line":70,"character":4},{"__symbolic":"reference","module":"@angular/material/progress-spinner","name":"MatProgressSpinnerModule","line":71,"character":4},{"__symbolic":"reference","module":"@angular/material/radio","name":"MatRadioModule","line":72,"character":4},{"__symbolic":"reference","module":"@angular/material/core","name":"MatRippleModule","line":73,"character":4},{"__symbolic":"reference","module":"@angular/material/select","name":"MatSelectModule","line":74,"character":4},{"__symbolic":"reference","module":"@angular/material/sidenav","name":"MatSidenavModule","line":75,"character":4},{"__symbolic":"reference","module":"@angular/material/slider","name":"MatSliderModule","line":76,"character":4},{"__symbolic":"reference","module":"@angular/material/slide-toggle","name":"MatSlideToggleModule","line":77,"character":4},{"__symbolic":"reference","module":"@angular/material/snack-bar","name":"MatSnackBarModule","line":78,"character":4},{"__symbolic":"reference","module":"@angular/material/sort","name":"MatSortModule","line":79,"character":4},{"__symbolic":"reference","module":"@angular/material/table","name":"MatTableModule","line":80,"character":4},{"__symbolic":"reference","module":"@angular/material/tabs","name":"MatTabsModule","line":81,"character":4},{"__symbolic":"reference","module":"@angular/material/toolbar","name":"MatToolbarModule","line":82,"character":4},{"__symbolic":"reference","module":"@angular/material/tooltip","name":"MatTooltipModule","line":83,"character":4},{"__symbolic":"reference","module":"@angular/material/tree","name":"MatTreeModule","line":84,"character":4},{"__symbolic":"reference","module":"@angular/cdk/portal","name":"PortalModule","line":85,"character":4},{"__symbolic":"reference","module":"@angular/cdk/scrolling","name":"ScrollingModule","line":86,"character":4}]}]}],"members":{}}},"origins":{"LoginService":"./lib/login.service","LoginComponent":"./lib/login.component","LoginModule":"./lib/login.module","ɵa":"./lib/api.service","ɵb":"./lib/sign-up/sign-up.component","ɵc":"./lib/sign-up/sign-up.component","ɵd":"./lib/forget-password/forget-password.component","ɵe":"./lib/reset-password/reset-password.component","ɵf":"./lib/material-module"},"importAs":"login"}